{
    "name": "root",
    "gauges": {
        "RollerBall.Policy.Entropy.mean": {
            "value": 1.3360012769699097,
            "min": 1.3360012769699097,
            "max": 1.4083095788955688,
            "count": 10
        },
        "RollerBall.Policy.Entropy.sum": {
            "value": 16045.3759765625,
            "min": 7713.3115234375,
            "max": 17044.62109375,
            "count": 10
        },
        "RollerBall.Environment.EpisodeLength.mean": {
            "value": 13.808877928483353,
            "min": 13.808877928483353,
            "max": 46.82995951417004,
            "count": 10
        },
        "RollerBall.Environment.EpisodeLength.sum": {
            "value": 11199.0,
            "min": 5329.0,
            "max": 11783.0,
            "count": 10
        },
        "RollerBall.Step.mean": {
            "value": 155997.0,
            "min": 47993.0,
            "max": 155997.0,
            "count": 10
        },
        "RollerBall.Step.sum": {
            "value": 155997.0,
            "min": 47993.0,
            "max": 155997.0,
            "count": 10
        },
        "RollerBall.Policy.ExtrinsicValueEstimate.mean": {
            "value": 0.9002476334571838,
            "min": 0.16146375238895416,
            "max": 0.9002476334571838,
            "count": 10
        },
        "RollerBall.Policy.ExtrinsicValueEstimate.sum": {
            "value": 730.100830078125,
            "min": 23.735172271728516,
            "max": 730.100830078125,
            "count": 10
        },
        "RollerBall.Environment.CumulativeReward.mean": {
            "value": 0.998766954377312,
            "min": 0.36054421768707484,
            "max": 1.0,
            "count": 10
        },
        "RollerBall.Environment.CumulativeReward.sum": {
            "value": 810.0,
            "min": 53.0,
            "max": 810.0,
            "count": 10
        },
        "RollerBall.Policy.ExtrinsicReward.mean": {
            "value": 0.998766954377312,
            "min": 0.36054421768707484,
            "max": 1.0,
            "count": 10
        },
        "RollerBall.Policy.ExtrinsicReward.sum": {
            "value": 810.0,
            "min": 53.0,
            "max": 810.0,
            "count": 10
        },
        "RollerBall.IsTraining.mean": {
            "value": 1.0,
            "min": 1.0,
            "max": 1.0,
            "count": 10
        },
        "RollerBall.IsTraining.sum": {
            "value": 1.0,
            "min": 1.0,
            "max": 1.0,
            "count": 10
        },
        "RollerBall.Losses.PolicyLoss.mean": {
            "value": 0.09814981762452613,
            "min": 0.09525051602610836,
            "max": 0.10648438258431918,
            "count": 9
        },
        "RollerBall.Losses.PolicyLoss.sum": {
            "value": 0.09814981762452613,
            "min": 0.09525051602610836,
            "max": 0.10648438258431918,
            "count": 9
        },
        "RollerBall.Losses.ValueLoss.mean": {
            "value": 0.005034966164794809,
            "min": 0.005034966164794809,
            "max": 0.08009837616023653,
            "count": 9
        },
        "RollerBall.Losses.ValueLoss.sum": {
            "value": 0.005034966164794809,
            "min": 0.005034966164794809,
            "max": 0.08009837616023653,
            "count": 9
        },
        "RollerBall.Policy.LearningRate.mean": {
            "value": 0.00020937963020679998,
            "min": 0.00020937963020679998,
            "max": 0.0002672076109308,
            "count": 9
        },
        "RollerBall.Policy.LearningRate.sum": {
            "value": 0.00020937963020679998,
            "min": 0.00020937963020679998,
            "max": 0.0002672076109308,
            "count": 9
        },
        "RollerBall.Policy.Epsilon.mean": {
            "value": 0.1697932,
            "min": 0.1697932,
            "max": 0.18906920000000005,
            "count": 9
        },
        "RollerBall.Policy.Epsilon.sum": {
            "value": 0.1697932,
            "min": 0.1697932,
            "max": 0.18906920000000005,
            "count": 9
        },
        "RollerBall.Policy.Beta.mean": {
            "value": 0.0007009526800000001,
            "min": 0.0007009526800000001,
            "max": 0.0008917850800000003,
            "count": 9
        },
        "RollerBall.Policy.Beta.sum": {
            "value": 0.0007009526800000001,
            "min": 0.0007009526800000001,
            "max": 0.0008917850800000003,
            "count": 9
        }
    },
    "metadata": {
        "timer_format_version": "0.1.0",
        "start_time_seconds": "1734539948",
        "python_version": "3.9.21 (main, Dec 11 2024, 16:35:24) [MSC v.1929 64 bit (AMD64)]",
        "command_line_arguments": "C:\\Users\\sergi\\miniconda3\\envs\\mlAgents\\Scripts\\mlagents-learn ./trainer_config.yaml --run-id lab7 --resume",
        "mlagents_version": "0.30.0",
        "mlagents_envs_version": "0.30.0",
        "communication_protocol_version": "1.5.0",
        "pytorch_version": "2.5.1+cu118",
        "numpy_version": "1.21.2",
        "end_time_seconds": "1734540501"
    },
    "total": 552.676189,
    "count": 1,
    "self": 0.08972479999999905,
    "children": {
        "run_training.setup": {
            "total": 0.06267859999999992,
            "count": 1,
            "self": 0.06267859999999992
        },
        "TrainerController.start_learning": {
            "total": 552.5237856,
            "count": 1,
            "self": 1.053797999998551,
            "children": {
                "TrainerController._reset_env": {
                    "total": 6.1776233,
                    "count": 1,
                    "self": 6.1776233
                },
                "TrainerController.advance": {
                    "total": 545.2406880000015,
                    "count": 118799,
                    "self": 0.9131631000160496,
                    "children": {
                        "env_step": {
                            "total": 501.61044469998865,
                            "count": 118799,
                            "self": 371.61434119998347,
                            "children": {
                                "SubprocessEnvManager._take_step": {
                                    "total": 129.28435570000096,
                                    "count": 118799,
                                    "self": 3.2238117000005957,
                                    "children": {
                                        "TorchPolicy.evaluate": {
                                            "total": 126.06054400000036,
                                            "count": 114959,
                                            "self": 126.06054400000036
                                        }
                                    }
                                },
                                "workers": {
                                    "total": 0.7117478000042041,
                                    "count": 118798,
                                    "self": 0.0,
                                    "children": {
                                        "worker_root": {
                                            "total": 483.7283952999886,
                                            "count": 118798,
                                            "is_parallel": true,
                                            "self": 223.11735479998714,
                                            "children": {
                                                "steps_from_proto": {
                                                    "total": 0.00018629999999930646,
                                                    "count": 1,
                                                    "is_parallel": true,
                                                    "self": 5.8499999999739316e-05,